Date,Totalflow
1/1/2015,11414
1/2/2015,12449
1/3/2015,11024
1/4/2015,10399
1/5/2015,11864
1/6/2015,12145
1/7/2015,10781
1/8/2015,10781
1/9/2015,11784
1/10/2015,12691
1/11/2015,11374
1/12/2015,10965
1/13/2015,10873
1/14/2015,11218
1/15/2015,10885
1/16/2015,11843
1/17/2015,12357
1/18/2015,10534
1/19/2015,9895
1/20/2015,9262
1/21/2015,10782
1/22/2015,9887
1/23/2015,11616
1/24/2015,11954
1/25/2015,10524
1/26/2015,9733
1/27/2015,10780
1/28/2015,11107
1/29/2015,10554
1/30/2015,11924
1/31/2015,12340
2/1/2015,10847
2/2/2015,10810
2/3/2015,11637
2/4/2015,11747
2/5/2015,12123
2/6/2015,12475
2/7/2015,13100
2/8/2015,12575
2/9/2015,9605
2/10/2015,11989
2/11/2015,11767
2/12/2015,11949
2/13/2015,12701
2/14/2015,12849
2/15/2015,11008
2/16/2015,11296
2/17/2015,10622
2/18/2015,10208
2/19/2015,9207
2/20/2015,10705
2/21/2015,11460
2/22/2015,9921
2/23/2015,10413
2/24/2015,10550
2/25/2015,10675
2/26/2015,10535
2/27/2015,9839
2/28/2015,10337
3/1/2015,8926
3/2/2015,10176
3/3/2015,10438
3/4/2015,9175
3/5/2015,8998
3/6/2015,9722
3/7/2015,9805
3/8/2015,8579
3/9/2015,9548
3/10/2015,10399
3/11/2015,10989
3/12/2015,9708
3/13/2015,11261
3/14/2015,12177
3/15/2015,10674
3/16/2015,10032
3/17/2015,10269
3/18/2015,10208
3/19/2015,10477
3/20/2015,10911
3/21/2015,10818
3/22/2015,9504
3/23/2015,10297
3/24/2015,10489
3/25/2015,10408
3/26/2015,10681
3/27/2015,10873
3/28/2015,11067
3/29/2015,9461
3/30/2015,10373
3/31/2015,10395
4/1/2015,10353
4/2/2015,9169
4/3/2015,9109
4/4/2015,8803
4/5/2015,8882
4/6/2015,8649
4/7/2015,11010
4/8/2015,10070
4/9/2015,11850
4/10/2015,10700
4/11/2015,10539
4/12/2015,8508
4/13/2015,7387
4/14/2015,8938
4/15/2015,10364
4/16/2015,10866
4/17/2015,11283
4/18/2015,11597
4/19/2015,11114
4/20/2015,11019
4/21/2015,10982
4/22/2015,9805
4/23/2015,8573
4/24/2015,10998
4/25/2015,11641
4/26/2015,10796
4/27/2015,9955
4/28/2015,9900
4/29/2015,10745
4/30/2015,11318
5/1/2015,12129
5/2/2015,11244
5/3/2015,10780
5/4/2015,8969
5/5/2015,10775
5/6/2015,10537
5/7/2015,8814
5/8/2015,11275
5/9/2015,10468
5/10/2015,8774
5/11/2015,10317
5/12/2015,10939
5/13/2015,10671
5/14/2015,10569
5/15/2015,10455
5/16/2015,11370
5/17/2015,10166
5/18/2015,10224
5/19/2015,10674
5/20/2015,10578
5/21/2015,10912
5/22/2015,10396
5/23/2015,9579
5/24/2015,9025
5/25/2015,8331
5/26/2015,9903
5/27/2015,10909
5/28/2015,9666
5/29/2015,10781
5/30/2015,10853
5/31/2015,10290
6/1/2015,10633
6/2/2015,11024
6/3/2015,11567
6/4/2015,11547
6/5/2015,11903
6/6/2015,12072
6/7/2015,10412
6/8/2015,11024
6/9/2015,11384
6/10/2015,11443
6/11/2015,11123
6/12/2015,12303
6/13/2015,12612
6/14/2015,10772
6/15/2015,11564
6/16/2015,11725
6/17/2015,12052
6/18/2015,11852
6/19/2015,10560
6/20/2015,12229
6/21/2015,10009
6/22/2015,11064
6/23/2015,10126
6/24/2015,11720
6/25/2015,10905
6/26/2015,12535
6/27/2015,12439
6/28/2015,9935
6/29/2015,11642
6/30/2015,11818
7/1/2015,11718
7/2/2015,11185
7/3/2015,13424
7/4/2015,14088
7/5/2015,11399
7/6/2015,12997
7/7/2015,12810
7/8/2015,11860
7/9/2015,11797
7/10/2015,12381
7/11/2015,12362
7/12/2015,10839
7/13/2015,11715
7/14/2015,11633
7/15/2015,11715
7/16/2015,12059
7/17/2015,10063
7/18/2015,12051
7/19/2015,12423
7/20/2015,11800
7/21/2015,11750
7/22/2015,11879
7/23/2015,12666
7/24/2015,14118
7/25/2015,14873
7/26/2015,11239
7/27/2015,14295
7/28/2015,11900
7/29/2015,11659
7/30/2015,12623
7/31/2015,12461
8/1/2015,13042
8/2/2015,12804
8/3/2015,12197
8/4/2015,12016
8/5/2015,11988
8/6/2015,12318
8/7/2015,12106
8/8/2015,12856
8/9/2015,11404
8/10/2015,12190
8/11/2015,12449
8/12/2015,11407
8/13/2015,11864
8/14/2015,12848
8/15/2015,12681
8/16/2015,11647
8/17/2015,12750
8/18/2015,12293
8/19/2015,12555
8/20/2015,12539
8/21/2015,13585
8/22/2015,12825
8/23/2015,13072
8/24/2015,12424
8/25/2015,12812
8/26/2015,13291
8/27/2015,12993
8/28/2015,13529
8/29/2015,14552
8/30/2015,12994
8/31/2015,12930
9/1/2015,9527
9/2/2015,11190
9/3/2015,11929
9/4/2015,13189
9/5/2015,13137
9/6/2015,11494
9/7/2015,11497
9/8/2015,12483
9/9/2015,14021
9/10/2015,14179
9/11/2015,12481
9/12/2015,5306
9/13/2015,9314
9/14/2015,11726
9/15/2015,13225
9/16/2015,13116
9/17/2015,13161
9/18/2015,13112
9/19/2015,13470
9/20/2015,12545
9/21/2015,12995
9/22/2015,13140
9/23/2015,13809
9/24/2015,9945
9/25/2015,13056
9/26/2015,13931
9/27/2015,10668
9/28/2015,7867
9/29/2015,12565
9/30/2015,13470
10/1/2015,13297
10/2/2015,13531
10/3/2015,14283
10/4/2015,15755
10/5/2015,13274
10/6/2015,11419
10/7/2015,13311
10/8/2015,13726
10/9/2015,13497
10/10/2015,14360
10/11/2015,12326
10/12/2015,12794
10/13/2015,13167
10/14/2015,13465
10/15/2015,13330
10/16/2015,13334
10/17/2015,12446
10/18/2015,11058
10/19/2015,10585
10/20/2015,10954
10/21/2015,12386
10/22/2015,11663
10/23/2015,12379
10/24/2015,12324
10/25/2015,10537
10/26/2015,10341
10/27/2015,9538
10/28/2015,10308
10/29/2015,11539
10/30/2015,10563
10/31/2015,11787
11/1/2015,9380
11/2/2015,11293
11/3/2015,11994
11/4/2015,12103
11/5/2015,11818
11/6/2015,13424
11/7/2015,12829
11/8/2015,12184
11/9/2015,10658
11/10/2015,12831
11/11/2015,12883
11/12/2015,13191
11/13/2015,13366
11/14/2015,14158
11/15/2015,12313
11/16/2015,12864
11/17/2015,12952
11/18/2015,12800
11/19/2015,12645
11/20/2015,13655
11/21/2015,14276
11/22/2015,11233
11/23/2015,13365
11/24/2015,13377
11/25/2015,13008
11/26/2015,13355
11/27/2015,13952
11/28/2015,13531
11/29/2015,11676
11/30/2015,12542
12/1/2015,12275
12/2/2015,13374
12/3/2015,12698
12/4/2015,13351
12/5/2015,13667
12/6/2015,11413
12/7/2015,12723
12/8/2015,12102
12/9/2015,12702
12/10/2015,12936
12/11/2015,11035
12/12/2015,13056
12/13/2015,10594
12/14/2015,12201
12/15/2015,12373
12/16/2015,12444
12/17/2015,12327
12/18/2015,12186
12/19/2015,12374
12/20/2015,8082
12/21/2015,11552
12/22/2015,8752
12/23/2015,5500
12/24/2015,10620
12/25/2015,13032
12/26/2015,12415
12/27/2015,12352
12/28/2015,11980
12/29/2015,10898
12/30/2015,13996
12/31/2015,12571
1/1/2016,11947
1/2/2016,11533
1/3/2016,9601
1/4/2016,10040
1/5/2016,11110
1/6/2016,10665
1/7/2016,4409
1/8/2016,8117
1/9/2016,10230
1/10/2016,9509
1/11/2016,11943
1/12/2016,8740
1/13/2016,7374
1/14/2016,6955
1/15/2016,8746
1/16/2016,9376
1/17/2016,9961
1/18/2016,9694
1/19/2016,9160
1/20/2016,5459
1/21/2016,7343
1/22/2016,8877
1/23/2016,9667
1/24/2016,9463
1/25/2016,10143
1/26/2016,12349
1/27/2016,10022
1/28/2016,11852
1/29/2016,13098
1/30/2016,12531
1/31/2016,11592
2/1/2016,11645
2/2/2016,12666
2/3/2016,11976
2/4/2016,12498
2/5/2016,13142
2/6/2016,9038
2/7/2016,7471
2/8/2016,12363
2/9/2016,13394
2/10/2016,13463
2/11/2016,13446
2/12/2016,14805
2/13/2016,15771
2/14/2016,14317
2/15/2016,13229
2/16/2016,11894
2/17/2016,13636
2/18/2016,13593
2/19/2016,13909
2/20/2016,14300
2/21/2016,12785
2/22/2016,12904
2/23/2016,13058
2/24/2016,13540
2/25/2016,13468
2/26/2016,13521
2/27/2016,14353
2/28/2016,14070
2/29/2016,12526
3/1/2016,13827
3/2/2016,13005
3/3/2016,14237
3/4/2016,14949
3/5/2016,15396
3/6/2016,11873
3/7/2016,13613
3/8/2016,14196
3/9/2016,13822
3/10/2016,14216
3/11/2016,14279
3/12/2016,14779
3/13/2016,12049
3/14/2016,13696
3/15/2016,13909
3/16/2016,14188
3/17/2016,14134
3/18/2016,14802
3/19/2016,14289
3/20/2016,8361
3/21/2016,9230
3/22/2016,10506
3/23/2016,11807
3/24/2016,10537
3/25/2016,14022
3/26/2016,14045
3/27/2016,11515
3/28/2016,10784
3/29/2016,14015
3/30/2016,14372
3/31/2016,13425
4/1/2016,12601
4/2/2016,15993
4/3/2016,18979
4/4/2016,14389
4/5/2016,12455
4/6/2016,12511
4/7/2016,12836
4/8/2016,12680
4/9/2016,13176
4/10/2016,10608
4/11/2016,12652
4/12/2016,12259
4/13/2016,13485
4/14/2016,13330
4/15/2016,14939
4/16/2016,14695
4/17/2016,11593
4/18/2016,12380
4/19/2016,14772
4/20/2016,14879
4/21/2016,15145
4/22/2016,16246
4/23/2016,16277
4/24/2016,12015
4/25/2016,15072
4/26/2016,16250
4/27/2016,17189
4/28/2016,18416
4/29/2016,13029
4/30/2016,11746
5/1/2016,11948
5/2/2016,11599
5/3/2016,14964
5/4/2016,15995
5/5/2016,15342
5/6/2016,16256
5/7/2016,17316
5/8/2016,16323
5/9/2016,15697
5/10/2016,15717
5/11/2016,14442
5/12/2016,14985
5/13/2016,16052
5/14/2016,16868
5/15/2016,14723
5/16/2016,16347
5/17/2016,15882
5/18/2016,15969
5/19/2016,16033
5/20/2016,16953
5/21/2016,16934
5/22/2016,14737
5/23/2016,13788
5/24/2016,16314
5/25/2016,15683
5/26/2016,14926
5/27/2016,16907
5/28/2016,15039
5/29/2016,13850
5/30/2016,16504
5/31/2016,16580
6/1/2016,16933
6/2/2016,16633
6/3/2016,17129
6/4/2016,18004
6/5/2016,15201
6/6/2016,16026
6/7/2016,16243
6/8/2016,16330
6/9/2016,15336
6/10/2016,16103
6/11/2016,16542
6/12/2016,13702
6/13/2016,16088
6/14/2016,16432
6/15/2016,15440
6/16/2016,15653
6/17/2016,17308
6/18/2016,15505
6/19/2016,13075
6/20/2016,15429
6/21/2016,15332
6/22/2016,16093
6/23/2016,16289
6/24/2016,16748
6/25/2016,16862
6/26/2016,13781
6/27/2016,15878
6/28/2016,16116
6/29/2016,15454
6/30/2016,14532
7/1/2016,18593
7/2/2016,17363
7/3/2016,14217
7/4/2016,16919
7/5/2016,16248
7/6/2016,13962
7/7/2016,17341
7/8/2016,17715
7/9/2016,21441
7/10/2016,15361
7/11/2016,14176
7/12/2016,16591
7/13/2016,17599
7/14/2016,17998
7/15/2016,18484
7/16/2016,19870
7/17/2016,18174
7/18/2016,18139
7/19/2016,18197
7/20/2016,17778
7/21/2016,18456
7/22/2016,17837
7/23/2016,18203
7/24/2016,20550
7/25/2016,20331
7/26/2016,18136
7/27/2016,21838
7/28/2016,19898
7/29/2016,20222
7/30/2016,21192
7/31/2016,18281
8/1/2016,18912
8/2/2016,19798
8/3/2016,19281
8/4/2016,19651
8/5/2016,18419
8/6/2016,11761
8/7/2016,11241
8/8/2016,17496
8/9/2016,18067
8/10/2016,18013
8/11/2016,18321
8/12/2016,18997
8/13/2016,18156
8/14/2016,14179
8/15/2016,16721
8/16/2016,19747
8/17/2016,19489
8/18/2016,18792
8/19/2016,20125
8/20/2016,18835
8/21/2016,13046
8/22/2016,16658
8/23/2016,19320
8/24/2016,17259
8/25/2016,19191
8/26/2016,20297
8/27/2016,20306
8/28/2016,18172
8/29/2016,19963
8/30/2016,19991
8/31/2016,20670
9/1/2016,20841
9/2/2016,21300
9/3/2016,21878
9/4/2016,16998
9/5/2016,21219
9/6/2016,20634
9/7/2016,20271
9/8/2016,19960
9/9/2016,21936
9/10/2016,16517
9/11/2016,10616
9/12/2016,10755
9/13/2016,17011
9/14/2016,19317
9/15/2016,19964
9/16/2016,20298
9/17/2016,19767
9/18/2016,16923
9/19/2016,19327
9/20/2016,19875
9/21/2016,20135
9/22/2016,20393
9/23/2016,18839
9/24/2016,20655
9/25/2016,16986
9/26/2016,16910
9/27/2016,14662
9/28/2016,17560
9/29/2016,17080
9/30/2016,18558
10/1/2016,19638
10/2/2016,17521
10/3/2016,13732
10/4/2016,14295
10/5/2016,10437
10/6/2016,12308
10/7/2016,13224
10/8/2016,12418
10/9/2016,9557
10/10/2016,14785
10/11/2016,15009
10/12/2016,17082
10/13/2016,17319
10/14/2016,17046
10/15/2016,16945
10/16/2016,13312
10/17/2016,17592
10/18/2016,18347
10/19/2016,18588
10/20/2016,18406
10/21/2016,18613
10/22/2016,18272
10/23/2016,14511
10/24/2016,17579
10/25/2016,17451
10/26/2016,17946
10/27/2016,17837
10/28/2016,18864
10/29/2016,18721
10/30/2016,15406
10/31/2016,18399
11/1/2016,18714
11/2/2016,19195
11/3/2016,18751
11/4/2016,19890
11/5/2016,19541
11/6/2016,15044
11/7/2016,17214
11/8/2016,16734
11/9/2016,16791
11/10/2016,17010
11/11/2016,17871
11/12/2016,18374
11/13/2016,14581
11/14/2016,17205
11/15/2016,16620
11/16/2016,16882
11/17/2016,16816
11/18/2016,18286
11/19/2016,18095
11/20/2016,15124
11/21/2016,16131
11/22/2016,17244
11/23/2016,16495
11/24/2016,17391
11/25/2016,17997
11/26/2016,17506
11/27/2016,14261
11/28/2016,16254
11/29/2016,16366
11/30/2016,16469
12/1/2016,15657
12/2/2016,17143
12/3/2016,17426
12/4/2016,15722
12/5/2016,16773
12/6/2016,16494
12/7/2016,16111
12/8/2016,16753
12/9/2016,17691
12/10/2016,17439
12/11/2016,14286
12/12/2016,16939
12/13/2016,17271
12/14/2016,17076
12/15/2016,16843
12/16/2016,18044
12/17/2016,17302
12/18/2016,14871
12/19/2016,17404
12/20/2016,17554
12/21/2016,15984
12/22/2016,17818
12/23/2016,18421
12/24/2016,18322
12/25/2016,13697
12/26/2016,19298
12/27/2016,19530
12/28/2016,16862
12/29/2016,20442
12/30/2016,19271
12/31/2016,18970
1/1/2017,14934
1/2/2017,18137
1/3/2017,18655
1/4/2017,19376
1/5/2017,20482
1/6/2017,20156
1/7/2017,16765
1/8/2017,13466
1/9/2017,17954
1/10/2017,18968
1/11/2017,18560
1/12/2017,18717
1/13/2017,19091
1/14/2017,18984
1/15/2017,16517
1/16/2017,18200
1/17/2017,18900
1/18/2017,15883
1/19/2017,12064
1/20/2017,14842
1/21/2017,17499
1/22/2017,16644
1/23/2017,18019
1/24/2017,18010
1/25/2017,18310
1/26/2017,18783
1/27/2017,17923
1/28/2017,20212
1/29/2017,16857
1/30/2017,18475
1/31/2017,19178
2/1/2017,18694
2/2/2017,18556
2/3/2017,20487
2/4/2017,21743
2/5/2017,18181
2/6/2017,18239
2/7/2017,18862
2/8/2017,18961
2/9/2017,19215
2/10/2017,19502
2/11/2017,19938
2/12/2017,18604
2/13/2017,18772
2/14/2017,18377
2/15/2017,19018
2/16/2017,19334
2/17/2017,19487
2/18/2017,20298
2/19/2017,16026
2/20/2017,18108
2/21/2017,18589
2/22/2017,18315
2/23/2017,18375
2/24/2017,19392
2/25/2017,19487
2/26/2017,15732
2/27/2017,18531
2/28/2017,17768
3/1/2017,19535
3/2/2017,17076
3/3/2017,18131
3/4/2017,15733
3/5/2017,15597
3/6/2017,18708
3/7/2017,19024
3/8/2017,18918
3/9/2017,18749
3/10/2017,19232
3/11/2017,19429
3/12/2017,17030
3/13/2017,18926
3/14/2017,18510
3/15/2017,18690
3/16/2017,18037
3/17/2017,19429
3/18/2017,21213
3/19/2017,21174
3/20/2017,16700
3/21/2017,18100
3/22/2017,18352
3/23/2017,18250
3/24/2017,17251
3/25/2017,19250
3/26/2017,14666
3/27/2017,18925
3/28/2017,18500
3/29/2017,18967
3/30/2017,18684
3/31/2017,15622
4/1/2017,19939
4/2/2017,16241
4/3/2017,19183
4/4/2017,19568
4/5/2017,19240
4/6/2017,19960
4/7/2017,19813
4/8/2017,21291
4/9/2017,15843
4/10/2017,19497
4/11/2017,18943
4/12/2017,19012
4/13/2017,23141
4/14/2017,15686
4/15/2017,14860
4/16/2017,14196
4/17/2017,15352
4/18/2017,20029
4/19/2017,20593
4/20/2017,20983
4/21/2017,21308
4/22/2017,22816
4/23/2017,19490
4/24/2017,20757
4/25/2017,19640
4/26/2017,20981
4/27/2017,20629
4/28/2017,21464
4/29/2017,21759
4/30/2017,20068
5/1/2017,19818
5/2/2017,17769
5/3/2017,20441
5/4/2017,20259
5/5/2017,21040
5/6/2017,20427
5/7/2017,20423
5/8/2017,20532
5/9/2017,19881
5/10/2017,20755
5/11/2017,19180
5/12/2017,20641
5/13/2017,20220
5/14/2017,18246
5/15/2017,19341
5/16/2017,19108
5/17/2017,19534
5/18/2017,17212
5/19/2017,21746
5/20/2017,18040
5/21/2017,19771
5/22/2017,20958
5/23/2017,20377
5/24/2017,21420
5/25/2017,22124
5/26/2017,22673
5/27/2017,22014
5/28/2017,18115
5/29/2017,20308
5/30/2017,20695
5/31/2017,20675
6/1/2017,20916
6/2/2017,21985
6/3/2017,22702
6/4/2017,17555
6/5/2017,20221
6/6/2017,20679
6/7/2017,21320
6/8/2017,21784
6/9/2017,21651
6/10/2017,22693
6/11/2017,17656
6/12/2017,21115
6/13/2017,21152
6/14/2017,21808
6/15/2017,21772
6/16/2017,22104
6/17/2017,22703
6/18/2017,17794
6/19/2017,20720
6/20/2017,21381
6/21/2017,21539
6/22/2017,20975
6/23/2017,19698
6/24/2017,21601
6/25/2017,15909
6/26/2017,20058
6/27/2017,21644
6/28/2017,22118
6/29/2017,23136
6/30/2017,23366
7/1/2017,22822
7/2/2017,18986
7/3/2017,21776
7/4/2017,21943
7/5/2017,22847
7/6/2017,23751
7/7/2017,23039
7/8/2017,25035
7/9/2017,18903
7/10/2017,21327
7/11/2017,20881
7/12/2017,21664
7/13/2017,21321
7/14/2017,22293
7/15/2017,22821
7/16/2017,21115
7/17/2017,21781
7/18/2017,22438
7/19/2017,21666
7/20/2017,22360
7/21/2017,22605
7/22/2017,23779
7/23/2017,21990
7/24/2017,23754
7/25/2017,23533
7/26/2017,20657
7/27/2017,25020
7/28/2017,22944
7/29/2017,24033
7/30/2017,21574
7/31/2017,21729
8/1/2017,22071
8/2/2017,21965
8/3/2017,22139
8/4/2017,23290
8/5/2017,24299
8/6/2017,20510
8/7/2017,20774
8/8/2017,20303
8/9/2017,20475
8/10/2017,20609
8/11/2017,21499
8/12/2017,21964
8/13/2017,17913
8/14/2017,20893
8/15/2017,21227
8/16/2017,20827
8/17/2017,21769
8/18/2017,22412
8/19/2017,22279
8/20/2017,18434
8/21/2017,21696
8/22/2017,19132
8/23/2017,19385
8/24/2017,19851
8/25/2017,20653
8/26/2017,21780
8/27/2017,19010
8/28/2017,22647
8/29/2017,22014
8/30/2017,22073
8/31/2017,20925
9/1/2017,17824
9/2/2017,20952
9/3/2017,19524
9/4/2017,21351
9/5/2017,19822
9/6/2017,19825
9/7/2017,22671
9/8/2017,24491
9/9/2017,22223
9/10/2017,15748
9/11/2017,19024
9/12/2017,17074
9/13/2017,21916
9/14/2017,21903
9/15/2017,21861
9/16/2017,22024
9/17/2017,19069
9/18/2017,21767
9/19/2017,21956
9/20/2017,21506
9/21/2017,22184
9/22/2017,21816
9/23/2017,22629
9/24/2017,18931
9/25/2017,21421
9/26/2017,19739
9/27/2017,19701
9/28/2017,19544
9/29/2017,21335
9/30/2017,20488
10/1/2017,14481
10/2/2017,21390
10/3/2017,22492
10/4/2017,22284
10/5/2017,21157
10/6/2017,22414
10/7/2017,23812
10/8/2017,20461
10/9/2017,23014
10/10/2017,23018
10/11/2017,22043
10/12/2017,21734
10/13/2017,22022
10/14/2017,23150
10/15/2017,20029
10/16/2017,21870
10/17/2017,21752
10/18/2017,21889
10/19/2017,21698
10/20/2017,22129
10/21/2017,21281
10/22/2017,18572
10/23/2017,21438
10/24/2017,21541
10/25/2017,21429
10/26/2017,21551
10/27/2017,21657
10/28/2017,22210
10/29/2017,18058
10/30/2017,21310
10/31/2017,21583
11/1/2017,21390
11/2/2017,22106
11/3/2017,21668
11/4/2017,23118
11/5/2017,18898
11/6/2017,21119
11/7/2017,21452
11/8/2017,21588
11/9/2017,21753
11/10/2017,22316
11/11/2017,23276
11/12/2017,19895
11/13/2017,21604
11/14/2017,21668
11/15/2017,22031
11/16/2017,22171
11/17/2017,22967
11/18/2017,23281
11/19/2017,21077
11/20/2017,22073
11/21/2017,20656
11/22/2017,21530
11/23/2017,22322
11/24/2017,22376
11/25/2017,21443
11/26/2017,18093
11/27/2017,21733
11/28/2017,21549
11/29/2017,22041
11/30/2017,17810
12/1/2017,22390
12/2/2017,22271
12/3/2017,18848
12/4/2017,22441
12/5/2017,22132
12/6/2017,22589
12/7/2017,22367
12/8/2017,22855
12/9/2017,23153
12/10/2017,18665
12/11/2017,22072
12/12/2017,21543
12/13/2017,22027
12/14/2017,22201
12/15/2017,22576
12/16/2017,22833
12/17/2017,18453
12/18/2017,22354
12/19/2017,22186
12/20/2017,22334
12/21/2017,22310
12/22/2017,23352
12/23/2017,23109
12/24/2017,18563
12/25/2017,22417
12/26/2017,23696
12/27/2017,24292
12/28/2017,21168
12/29/2017,24292
12/30/2017,24136
12/31/2017,18782
1/1/2018,22991
1/2/2018,23230
1/3/2018,24169
1/4/2018,24866
1/5/2018,26893
1/6/2018,21742
1/7/2018,19264
1/8/2018,19851
1/9/2018,23521
1/10/2018,23833
1/11/2018,23807
1/12/2018,24888
1/13/2018,25505
1/14/2018,22295
1/15/2018,23238
1/16/2018,23916
1/17/2018,24573
1/18/2018,21240
1/19/2018,19391
1/20/2018,17243
1/21/2018,19672
1/22/2018,22813
1/23/2018,23739
1/24/2018,23525
1/25/2018,23921
1/26/2018,24951
1/27/2018,25110
1/28/2018,21463
1/29/2018,22999
1/30/2018,24245
1/31/2018,22768
2/1/2018,24847
2/2/2018,25076
2/3/2018,25705
2/4/2018,22694
2/5/2018,23000
2/6/2018,23452
2/7/2018,23498
2/8/2018,23552
2/9/2018,24031
2/10/2018,24602
2/11/2018,19388
2/12/2018,16059
2/13/2018,16180
2/14/2018,15271
2/15/2018,16786
2/16/2018,19479
2/17/2018,18733
2/18/2018,14478
2/19/2018,20179
2/20/2018,21385
2/21/2018,21166
2/22/2018,21554
2/23/2018,20065
2/24/2018,21438
2/25/2018,16528
2/26/2018,21209
2/27/2018,21763
2/28/2018,20510
3/1/2018,21785
3/2/2018,17023
3/3/2018,19211
3/4/2018,16545
3/5/2018,16883
3/6/2018,14207
3/7/2018,15450
3/8/2018,19703
3/9/2018,21735
3/10/2018,22363
3/11/2018,22050
3/12/2018,19043
3/13/2018,21079
3/14/2018,17359
3/15/2018,20903
3/16/2018,21882
3/17/2018,21402
3/18/2018,16842
3/19/2018,20221
3/20/2018,21384
3/21/2018,21136
3/22/2018,21177
3/23/2018,21849
3/24/2018,21338
3/25/2018,16932
3/26/2018,20890
3/27/2018,21125
3/28/2018,20860
3/29/2018,21504
3/30/2018,22044
3/31/2018,21818
4/1/2018,16147
4/2/2018,20864
4/3/2018,21526
4/4/2018,23497
4/5/2018,22897
4/6/2018,17500
4/7/2018,16160
4/8/2018,17200
4/9/2018,15678
4/10/2018,20566
4/11/2018,16437
4/12/2018,21834
4/13/2018,22445
4/14/2018,22959
4/15/2018,21470
4/16/2018,22172
4/17/2018,22041
4/18/2018,22287
4/19/2018,21937
4/20/2018,22839
4/21/2018,23830
4/22/2018,20952
4/23/2018,21407
4/24/2018,21977
4/25/2018,22257
4/26/2018,22625
4/27/2018,18540
4/28/2018,23546
4/29/2018,20598
4/30/2018,22111
5/1/2018,20404
5/2/2018,22347
5/3/2018,22227
5/4/2018,23530
5/5/2018,23420
5/6/2018,20896
5/7/2018,21989
5/8/2018,21976
5/9/2018,21656
5/10/2018,22481
5/11/2018,23478
5/12/2018,23164
5/13/2018,21211
5/14/2018,22552
5/15/2018,23101
5/16/2018,21624
5/17/2018,21176
5/18/2018,22763
5/19/2018,22935
5/20/2018,18578
5/21/2018,21336
5/22/2018,21610
5/23/2018,22347
5/24/2018,21936
5/25/2018,22650
5/26/2018,24326
5/27/2018,19892
5/28/2018,20374
5/29/2018,21425
5/30/2018,22332
5/31/2018,21820
6/1/2018,22188
6/2/2018,22414
6/3/2018,18028
6/4/2018,21488
6/5/2018,21908
6/6/2018,22062
6/7/2018,21555
6/8/2018,22462
6/9/2018,22516
6/10/2018,18441
6/11/2018,21734
6/12/2018,21800
6/13/2018,21793
6/14/2018,21271
6/15/2018,16107
6/16/2018,19262
6/17/2018,17914
6/18/2018,21499
6/19/2018,21139
6/20/2018,22265
6/21/2018,22048
6/22/2018,23019
6/23/2018,16699
6/24/2018,17267
6/25/2018,21449
6/26/2018,21638
6/27/2018,23548
6/28/2018,22456
6/29/2018,23660
6/30/2018,23593
7/1/2018,19829
7/2/2018,22003
7/3/2018,22792
7/4/2018,22582
7/5/2018,23373
7/6/2018,25560
7/7/2018,27163
7/8/2018,18862
7/9/2018,21945
7/10/2018,22073
7/11/2018,22715
7/12/2018,22078
7/13/2018,23004
7/14/2018,22588
7/15/2018,21466
7/16/2018,22436
7/17/2018,21930
7/18/2018,22140
7/19/2018,23132
7/20/2018,24195
7/21/2018,24553
7/22/2018,22902
7/23/2018,23458
7/24/2018,25087
7/25/2018,24523
7/26/2018,20986
7/27/2018,24353
7/28/2018,24199
7/29/2018,21010
7/30/2018,22192
7/31/2018,22532
8/1/2018,21945
8/2/2018,19345
8/3/2018,23529
8/4/2018,24504
8/5/2018,22065
8/6/2018,22234
8/7/2018,21892
8/8/2018,21794
8/9/2018,22047
8/10/2018,22378
8/11/2018,22708
8/12/2018,18667
8/13/2018,21675
8/14/2018,22435
8/15/2018,22222
8/16/2018,21657
8/17/2018,23015
8/18/2018,22013
8/19/2018,18081
8/20/2018,22205
8/21/2018,16716
8/22/2018,22248
8/23/2018,22181
8/24/2018,25544
8/25/2018,25999
8/26/2018,22948
8/27/2018,25357
8/28/2018,25043
8/29/2018,24226
8/30/2018,25826
8/31/2018,27191
9/1/2018,26810
9/2/2018,23223
9/3/2018,26006
9/4/2018,26235
9/5/2018,26405
9/6/2018,26964
9/7/2018,28063
9/8/2018,27304
9/9/2018,22069
9/10/2018,20324
9/11/2018,9359
9/12/2018,18263
9/13/2018,22511
9/14/2018,21757
9/15/2018,12950
9/16/2018,19191
9/17/2018,20459
9/18/2018,20932
9/19/2018,23310
9/20/2018,24296
9/21/2018,25497
9/22/2018,25144
9/23/2018,20674
9/24/2018,24496
9/25/2018,24947
9/26/2018,19918
9/27/2018,16454
9/28/2018,20894
9/29/2018,22880
9/30/2018,21102
10/1/2018,23529
10/2/2018,25065
10/3/2018,22816
10/4/2018,24654
10/5/2018,25066
10/6/2018,25757
10/7/2018,21480
10/8/2018,24300
10/9/2018,24328
10/10/2018,23948
10/11/2018,24769
10/12/2018,25273
10/13/2018,25349
10/14/2018,22648
10/15/2018,24089
10/16/2018,24142
10/17/2018,23180
10/18/2018,23827
10/19/2018,24803
10/20/2018,24979
10/21/2018,21372
10/22/2018,24329
10/23/2018,24529
10/24/2018,24105
10/25/2018,24884
10/26/2018,25098
10/27/2018,25143
10/28/2018,21084
10/29/2018,23366
10/30/2018,23869
10/31/2018,23319
11/1/2018,23192
11/2/2018,24241
11/3/2018,22801
11/4/2018,20759
11/5/2018,23016
11/6/2018,22769
11/7/2018,22931
11/8/2018,23215
11/9/2018,23576
11/10/2018,24174
11/11/2018,20333
11/12/2018,22547
11/13/2018,22957
11/14/2018,22832
11/15/2018,23520
11/16/2018,24230
11/17/2018,24615
11/18/2018,20965
11/19/2018,23318
11/20/2018,19691
11/21/2018,22047
11/22/2018,23258
11/23/2018,23200
11/24/2018,23900
11/25/2018,19072
11/26/2018,22624
11/27/2018,22821
11/28/2018,22719
11/29/2018,22757
11/30/2018,23510
12/1/2018,24015
12/2/2018,19867
12/3/2018,22881
12/4/2018,23339
12/5/2018,23217
12/6/2018,23257
12/7/2018,24279
12/8/2018,23569
12/9/2018,19967
12/10/2018,23584
12/11/2018,24063
12/12/2018,24173
12/13/2018,23730
12/14/2018,24826
12/15/2018,24883
12/16/2018,20014
12/17/2018,23174
12/18/2018,23981
12/19/2018,23229
12/20/2018,23941
12/21/2018,24415
12/22/2018,25191
12/23/2018,20383
12/24/2018,24094
12/25/2018,25659
12/26/2018,26513
12/27/2018,26301
12/28/2018,22969
12/29/2018,27734
12/30/2018,21020
12/31/2018,24220
1/1/2019,24649
1/2/2019,25332
1/3/2019,25272
1/4/2019,27422
1/5/2019,26995
1/6/2019,19200
1/7/2019,10601
1/8/2019,20514
1/9/2019,25098
1/10/2019,26476
1/11/2019,25127
1/12/2019,27844
1/13/2019,23789
1/14/2019,23132
1/15/2019,23805
1/16/2019,23602
1/17/2019,24868
1/18/2019,21740
1/19/2019,19035
1/20/2019,19774
1/21/2019,22938
1/22/2019,25033
1/23/2019,24780
1/24/2019,25290
1/25/2019,25896
1/26/2019,27127
1/27/2019,22729
1/28/2019,24155
1/29/2019,23507
1/30/2019,24224
1/31/2019,25141
2/1/2019,26049
2/2/2019,27242
2/3/2019,23983
2/4/2019,24269
2/5/2019,25673
2/6/2019,25734
2/7/2019,26258
2/8/2019,26408
2/9/2019,28104
2/10/2019,24733
2/11/2019,25189
2/12/2019,25060
2/13/2019,24600
2/14/2019,25029
2/15/2019,25086
2/16/2019,26349
2/17/2019,22010
2/18/2019,23814
2/19/2019,23990
2/20/2019,24087
2/21/2019,24441
2/22/2019,25190
2/23/2019,26120
2/24/2019,23051
2/25/2019,24291
2/26/2019,24569
2/27/2019,24480
2/28/2019,24619
3/1/2019,26161
3/2/2019,26094
3/3/2019,19791
3/4/2019,23281
3/5/2019,23661
3/6/2019,23559
3/7/2019,24088
3/8/2019,23093
3/9/2019,24188
3/10/2019,18522
3/11/2019,23209
3/12/2019,23212
3/13/2019,23702
3/14/2019,23725
3/15/2019,23943
3/16/2019,23817
3/17/2019,19153
3/18/2019,22975
3/19/2019,23307
3/20/2019,23289
3/21/2019,22990
3/22/2019,23821
3/23/2019,24281
3/24/2019,19156
3/25/2019,22704
3/26/2019,22866
3/27/2019,22860
3/28/2019,23182
3/29/2019,24075
3/30/2019,26050
3/31/2019,26541
4/1/2019,23186
4/2/2019,23328
4/3/2019,23471
4/4/2019,23226
4/5/2019,23974
4/6/2019,24554
4/7/2019,19546
4/8/2019,22820
4/9/2019,23321
4/10/2019,23460
4/11/2019,23288
4/12/2019,24090
4/13/2019,23697
4/14/2019,19085
4/15/2019,22975
4/16/2019,23427
4/17/2019,23503
4/18/2019,23914
4/19/2019,25041
4/20/2019,24692
4/21/2019,18425
4/22/2019,23784
4/23/2019,25025
4/24/2019,26277
4/25/2019,27647
4/26/2019,21361
4/27/2019,20636
4/28/2019,19284
4/29/2019,20181
4/30/2019,24525
5/1/2019,24730
5/2/2019,25292
5/3/2019,26146
5/4/2019,28055
5/5/2019,23944
5/6/2019,24186
5/7/2019,24508
5/8/2019,24328
5/9/2019,22092
5/10/2019,24273
5/11/2019,24708
5/12/2019,22569
5/13/2019,22998
5/14/2019,23209
5/15/2019,23241
5/16/2019,24179
5/17/2019,24922
5/18/2019,25214
5/19/2019,20772
5/20/2019,21918
5/21/2019,23529
5/22/2019,23556
5/23/2019,23276
5/24/2019,24219
5/25/2019,25230
5/26/2019,21501
5/27/2019,23600
5/28/2019,21343
5/29/2019,23215
5/30/2019,23530
5/31/2019,24477
6/1/2019,23956
6/2/2019,21597
6/3/2019,22688
6/4/2019,17418
6/5/2019,22008
6/6/2019,23702
6/7/2019,25680
6/8/2019,25426
6/9/2019,22253
6/10/2019,22928
6/11/2019,23640
6/12/2019,24331
6/13/2019,24438
6/14/2019,25466
6/15/2019,25582
6/16/2019,21700
6/17/2019,23683
6/18/2019,23387
6/19/2019,22975
6/20/2019,25084
6/21/2019,25009
6/22/2019,25411
6/23/2019,14022
6/24/2019,19913
6/25/2019,21984
6/26/2019,22190
6/27/2019,23482
6/28/2019,24113
6/29/2019,24768
6/30/2019,19956
7/1/2019,23902
7/2/2019,24573
7/3/2019,24169
7/4/2019,24210
7/5/2019,25222
7/6/2019,25887
7/7/2019,22533
7/8/2019,22877
7/9/2019,23674
7/10/2019,23695
7/11/2019,24486
7/12/2019,24855
7/13/2019,25366
7/14/2019,22684
7/15/2019,24057
7/16/2019,25121
7/17/2019,24403
7/18/2019,23940
7/19/2019,23913
7/20/2019,25625
7/21/2019,23987
7/22/2019,23353
7/23/2019,24717
7/24/2019,25290
7/25/2019,25794
7/26/2019,22396
7/27/2019,27649
7/28/2019,25753
7/29/2019,22531
7/30/2019,23353
7/31/2019,24287
8/1/2019,25353
8/2/2019,25906
8/3/2019,26936
8/4/2019,24694
8/5/2019,24502
8/6/2019,24713
8/7/2019,23972
8/8/2019,24206
8/9/2019,25416
8/10/2019,25487
8/11/2019,18748
8/12/2019,21917
8/13/2019,23787
8/14/2019,23759
8/15/2019,24582
8/16/2019,24578
8/17/2019,23720
8/18/2019,19781
8/19/2019,22911
8/20/2019,24418
8/21/2019,24653
8/22/2019,22111
8/23/2019,25423
8/24/2019,25489
8/25/2019,23568
8/26/2019,24986
8/27/2019,25489
8/28/2019,25087
8/29/2019,26352
8/30/2019,26272
8/31/2019,27470
9/1/2019,24290
9/2/2019,25184
9/3/2019,26227
9/4/2019,25947
9/5/2019,26461
9/6/2019,27386
9/7/2019,26333
9/8/2019,23956
9/9/2019,25335
9/10/2019,27423
9/11/2019,23728
9/12/2019,10299
9/13/2019,17857
9/14/2019,22588
9/15/2019,23939
9/16/2019,25100
9/17/2019,25776
9/18/2019,25008
9/19/2019,25994
9/20/2019,27227
9/21/2019,28390
9/22/2019,23404
9/23/2019,24664
9/24/2019,25636
9/25/2019,24454
9/26/2019,25749
9/27/2019,21806
9/28/2019,12594
9/29/2019,19302
9/30/2019,22611
10/1/2019,24349
10/2/2019,23702
10/3/2019,24562
10/4/2019,23272
10/5/2019,19891
10/6/2019,20744
10/7/2019,24809
10/8/2019,26525
10/9/2019,26406
10/10/2019,26498
10/11/2019,26065
10/12/2019,26970
10/13/2019,20650
10/14/2019,24586
10/15/2019,26812
10/16/2019,26100
10/17/2019,25736
10/18/2019,25467
10/19/2019,26227
10/20/2019,22139
10/21/2019,23951
10/22/2019,24868
10/23/2019,20863
10/24/2019,20800
10/25/2019,20371
10/26/2019,19366
10/27/2019,18239
10/28/2019,17971
10/29/2019,21948
10/30/2019,22947
10/31/2019,23419
11/1/2019,23877
11/2/2019,23645
11/3/2019,18941
11/4/2019,23446
11/5/2019,23674
11/6/2019,23853
11/7/2019,23552
11/8/2019,24751
11/9/2019,22416
11/10/2019,19315
11/11/2019,23027
11/12/2019,23826
11/13/2019,23196
11/14/2019,24015
11/15/2019,24627
11/16/2019,24922
11/17/2019,20387
11/18/2019,23572
11/19/2019,23809
11/20/2019,23758
11/21/2019,24641
11/22/2019,24099
11/23/2019,24714
11/24/2019,19500
11/25/2019,22896
11/26/2019,23407
11/27/2019,24025
11/28/2019,24283
11/29/2019,24620
11/30/2019,24317
12/1/2019,19037
12/2/2019,23650
12/3/2019,24333
12/4/2019,24348
12/5/2019,24689
12/6/2019,26086
12/7/2019,25184
12/8/2019,20935
12/9/2019,23973
12/10/2019,25146
12/11/2019,24179
12/12/2019,24646
12/13/2019,25940
12/14/2019,25790
12/15/2019,20971
12/16/2019,23823
12/17/2019,24722
12/18/2019,24967
12/19/2019,24368
12/20/2019,25254
12/21/2019,25166
12/22/2019,20472
12/23/2019,24481
12/24/2019,25055
12/25/2019,26057
12/26/2019,26607
12/27/2019,27562
12/28/2019,28048
12/29/2019,19832
12/30/2019,27625
12/31/2019,26502
1/1/2020,26275
1/2/2020,26755
1/3/2020,28082
1/4/2020,28700
1/5/2020,23942
1/6/2020,24840
1/7/2020,21751
1/8/2020,22260
1/9/2020,25987
1/10/2020,27393
1/11/2020,28875
1/12/2020,25147
1/13/2020,26101
1/14/2020,26274
1/15/2020,26756
1/16/2020,26985
1/17/2020,27699
1/18/2020,28827
1/19/2020,15573
1/20/2020,15573
1/21/2020,18176
1/22/2020,24358
1/23/2020,26056
1/24/2020,27917
1/25/2020,29112
1/26/2020,24500
1/27/2020,26197
1/28/2020,26284
1/29/2020,26522
1/30/2020,26065
1/31/2020,27564
2/1/2020,28700
2/2/2020,26720
2/3/2020,26974
2/4/2020,27777
2/5/2020,27625
2/6/2020,28613
2/7/2020,28613
2/8/2020,30013
2/9/2020,25795
2/10/2020,26434
2/11/2020,26809
2/12/2020,26064
2/13/2020,26593
2/14/2020,27215
2/15/2020,29133
2/16/2020,25710
2/17/2020,26005
2/18/2020,26182
2/19/2020,25187
2/20/2020,26373
2/21/2020,26459
2/22/2020,28737
2/23/2020,21541
2/24/2020,24531
2/25/2020,25269
2/26/2020,25496
2/27/2020,25088
2/28/2020,26446
2/29/2020,25933
3/1/2020,21270
3/2/2020,21888
3/3/2020,24676
3/4/2020,25136
3/5/2020,25393
3/6/2020,25582
3/7/2020,25902
3/8/2020,20859
3/9/2020,24657
3/10/2020,25064
3/11/2020,25473
3/12/2020,25997
3/13/2020,26012
3/14/2020,25120
3/15/2020,19809
3/16/2020,23241
3/17/2020,23026
3/18/2020,22979
3/19/2020,23007
3/20/2020,23273
3/21/2020,23679
3/22/2020,20220
3/23/2020,20983
3/24/2020,22055
3/25/2020,21880
3/26/2020,21934
3/27/2020,22114
3/28/2020,19784
3/29/2020,12311
3/30/2020,16170
3/31/2020,15433
4/1/2020,15252
4/2/2020,15706
4/3/2020,16237
4/4/2020,14963
4/5/2020,16753
4/6/2020,15999
4/7/2020,16586
4/8/2020,16554
4/9/2020,16833
4/10/2020,17542
4/11/2020,16420
4/12/2020,10590
4/13/2020,17266
4/14/2020,19086
4/15/2020,20555
4/16/2020,21978
4/17/2020,15484
4/18/2020,15106
4/19/2020,15872
4/20/2020,14291
4/21/2020,17667
4/22/2020,20159
4/23/2020,19856
4/24/2020,20097
4/25/2020,18578
4/26/2020,13624
4/27/2020,20435
4/28/2020,20701
4/29/2020,21538
4/30/2020,21167
5/1/2020,17803
5/2/2020,18384
5/3/2020,14569
5/4/2020,20623
5/5/2020,17755
5/6/2020,22472
5/7/2020,22225
5/8/2020,22762
5/9/2020,19092
5/10/2020,15180
5/11/2020,20842
5/12/2020,21530
5/13/2020,21579
5/14/2020,21388
5/15/2020,22236
5/16/2020,20698
5/17/2020,16319
5/18/2020,22187
5/19/2020,23326
5/20/2020,22445
5/21/2020,22440
5/22/2020,22400
5/23/2020,18598
5/24/2020,14427
5/25/2020,20703
5/26/2020,22472
5/27/2020,22747
5/28/2020,18345
5/29/2020,22372
5/30/2020,20619
5/31/2020,15347
6/1/2020,21667
6/2/2020,22518
6/3/2020,22346
6/4/2020,22083
6/5/2020,22206
6/6/2020,21330
6/7/2020,14950
6/8/2020,20197
6/9/2020,21983
6/10/2020,22108
6/11/2020,22331
6/12/2020,22368
6/13/2020,20925
6/14/2020,14809
6/15/2020,21814
6/16/2020,22357
6/17/2020,22672
6/18/2020,23334
6/19/2020,22274
6/20/2020,21018
6/21/2020,12004
6/22/2020,21674
6/23/2020,22289
6/24/2020,22391
6/25/2020,22207
6/26/2020,22658
6/27/2020,22899
6/28/2020,17032
6/29/2020,19537
6/30/2020,17800
7/1/2020,20400
7/2/2020,20198
7/3/2020,20271
7/4/2020,17311
7/5/2020,18449
7/6/2020,19657
7/7/2020,17569
7/8/2020,21706
7/9/2020,22765
7/10/2020,16763
7/11/2020,15461
7/12/2020,20773
7/13/2020,22608
7/14/2020,21575
7/15/2020,21521
7/16/2020,22621
7/17/2020,22830
7/18/2020,16496
7/19/2020,23845
7/20/2020,23961
7/21/2020,23692
7/22/2020,23831
7/23/2020,24786
7/24/2020,23919
7/25/2020,15822
7/26/2020,22861
7/27/2020,24087
7/28/2020,24095
7/29/2020,24508
7/30/2020,16182
7/31/2020,21047
8/1/2020,18233
8/2/2020,22539
8/3/2020,22963
8/4/2020,22553
8/5/2020,22945
8/6/2020,22579
8/7/2020,22080
8/8/2020,19972
8/9/2020,23320
8/10/2020,24004
8/11/2020,22868
8/12/2020,24521
8/13/2020,23755
8/14/2020,23555
8/15/2020,17354
8/16/2020,24932
8/17/2020,19298
8/18/2020,22204
8/19/2020,23602
8/20/2020,24714
8/21/2020,19871
8/22/2020,18207
8/23/2020,24197
8/24/2020,24643
8/25/2020,24655
8/26/2020,25595
8/27/2020,25940
8/28/2020,25502
8/29/2020,20550
8/30/2020,25590
8/31/2020,25206
9/1/2020,25285
9/2/2020,26899
9/3/2020,25649
9/4/2020,26259
9/5/2020,20647
9/6/2020,24327
9/7/2020,26219
9/8/2020,26987
9/9/2020,24117
9/10/2020,23163
9/11/2020,23098
9/12/2020,15397
9/13/2020,22673
9/14/2020,24484
9/15/2020,25475
9/16/2020,25631
9/17/2020,25815
9/18/2020,25538
9/19/2020,21087
9/20/2020,24788
9/21/2020,25680
9/22/2020,25794
9/23/2020,26095
9/24/2020,26819
9/25/2020,20205
9/26/2020,11941
9/27/2020,22202
9/28/2020,25149
9/29/2020,24728
9/30/2020,24405
10/1/2020,21031
10/2/2020,15200
10/3/2020,16200
10/4/2020,24215
10/5/2020,27296
10/6/2020,26328
10/7/2020,27027
10/8/2020,27180
10/9/2020,26001
10/10/2020,21504
10/11/2020,25816
10/12/2020,27173
10/13/2020,27772
10/14/2020,27270
10/15/2020,27284
10/16/2020,26555
10/17/2020,22779
10/18/2020,26333
10/19/2020,26676
10/20/2020,26393
10/21/2020,26669
10/22/2020,27119
10/23/2020,26481
10/24/2020,22548
10/25/2020,26221
10/26/2020,26811
10/27/2020,26538
10/28/2020,22945
10/29/2020,27139
10/30/2020,27133
10/31/2020,22327
11/1/2020,25311
11/2/2020,25661
11/3/2020,22897
11/4/2020,23022
11/5/2020,24277
11/6/2020,24294
11/7/2020,19845
11/8/2020,23952
11/9/2020,24880
11/10/2020,25023
11/11/2020,24354
11/12/2020,25557
11/13/2020,25096
11/14/2020,20385
11/15/2020,24400
11/16/2020,25041
11/17/2020,25484
11/18/2020,26100
11/19/2020,26495
11/20/2020,24537
11/21/2020,19458
11/22/2020,24188
11/23/2020,24233
11/24/2020,24238
11/25/2020,25101
11/26/2020,25188
11/27/2020,25049
11/28/2020,19374
11/29/2020,23109
11/30/2020,25520
12/1/2020,25157
12/2/2020,25439
12/3/2020,27157
12/4/2020,27471
12/5/2020,21279
12/6/2020,26394
12/7/2020,25960
12/8/2020,25825
12/9/2020,25627
12/10/2020,26805
12/11/2020,26911
12/12/2020,22242
12/13/2020,25709
12/14/2020,26000
12/15/2020,26008
12/16/2020,26393
12/17/2020,26762
12/18/2020,28520
12/19/2020,21679
12/20/2020,24991
12/21/2020,26294
12/22/2020,26798
12/23/2020,27169
12/24/2020,28702
12/25/2020,28438
12/26/2020,22555
12/27/2020,23163
12/28/2020,28424
12/29/2020,27188
12/30/2020,26882
12/31/2020,28993
1/1/2021,27926
1/2/2021,23037
1/3/2021,28462
1/4/2021,30453
1/5/2021,29863
1/6/2021,11843
1/7/2021,21232
1/8/2021,26572
1/9/2021,27260
1/10/2021,28056
1/11/2021,28642
1/12/2021,27895
1/13/2021,27910
1/14/2021,28791
1/15/2021,30071
1/16/2021,24986
1/17/2021,20264
1/18/2021,15323
1/19/2021,19692
1/20/2021,26525
1/21/2021,28142
1/22/2021,29251
1/23/2021,26045
1/24/2021,27575
1/25/2021,27570
1/26/2021,26972
1/27/2021,28078
1/28/2021,27298
1/29/2021,28601
1/30/2021,24716
1/31/2021,26992
2/1/2021,26755
2/2/2021,26902
2/3/2021,27347
2/4/2021,28386
2/5/2021,28406
2/6/2021,25450
2/7/2021,26475
2/8/2021,26204
2/9/2021,26648
2/10/2021,27374
2/11/2021,27287
2/12/2021,27941
2/13/2021,25114
2/14/2021,27094
2/15/2021,27314
2/16/2021,26665
2/17/2021,27860
2/18/2021,27648
2/19/2021,28241
2/20/2021,23782
2/21/2021,25768
2/22/2021,26377
2/23/2021,26772
2/24/2021,27606
2/25/2021,28068
2/26/2021,29237
2/27/2021,26177
2/28/2021,27039
3/1/2021,24179
3/2/2021,27334
3/3/2021,27870
3/4/2021,28030
3/5/2021,28958
3/6/2021,21089
3/7/2021,25330
3/8/2021,26491
3/9/2021,26335
3/10/2021,26408
3/11/2021,27381
3/12/2021,28289
3/13/2021,22008
3/14/2021,26373
3/15/2021,26307
3/16/2021,26274
3/17/2021,26478
3/18/2021,27370
3/19/2021,27463
3/20/2021,22483
3/21/2021,26827
3/22/2021,26526
3/23/2021,26708
3/24/2021,26261
3/25/2021,27051
3/26/2021,27286
3/27/2021,22009
3/28/2021,25534
3/29/2021,26048
3/30/2021,26180
3/31/2021,26104
4/1/2021,26800
4/2/2021,28969
4/3/2021,27980
4/4/2021,25614
4/5/2021,26377
4/6/2021,25857
4/7/2021,25778
4/8/2021,26769
4/9/2021,25950
4/10/2021,21532
4/11/2021,25103
4/12/2021,25493
4/13/2021,25323
4/14/2021,25992
4/15/2021,26828
4/16/2021,25382
4/17/2021,20012
4/18/2021,24552
4/19/2021,25708
4/20/2021,25908
4/21/2021,26061
4/22/2021,26851
4/23/2021,26860
4/24/2021,18578
4/25/2021,25276
4/26/2021,25952
4/27/2021,28327
4/28/2021,29289
4/29/2021,20389
4/30/2021,18965
5/1/2021,17950
5/2/2021,17447
5/3/2021,25173
5/4/2021,24898
5/5/2021,26600
5/6/2021,28296
5/7/2021,29477
5/8/2021,22716
5/9/2021,27277
5/10/2021,26941
5/11/2021,25233
5/12/2021,19457
5/13/2021,26421
5/14/2021,28413
5/15/2021,25735
5/16/2021,27652
5/17/2021,27799
5/18/2021,28028
5/19/2021,27043
5/20/2021,28220
5/21/2021,28539
5/22/2021,24941
5/23/2021,26909
5/24/2021,27668
5/25/2021,28165
5/26/2021,28083
5/27/2021,26802
5/28/2021,27057
5/29/2021,24039
5/30/2021,26749
5/31/2021,27309
6/1/2021,27498
6/2/2021,27552
6/3/2021,28288
6/4/2021,28550
6/5/2021,24222
6/6/2021,26667
6/7/2021,27393
6/8/2021,28125
6/9/2021,27905
6/10/2021,28717
6/11/2021,30101
6/12/2021,25939
6/13/2021,27091
6/14/2021,27892
6/15/2021,27490
6/16/2021,28217
6/17/2021,27749
6/18/2021,23794
6/19/2021,24102
6/20/2021,25330
6/21/2021,24929
6/22/2021,23973
6/23/2021,26130
6/24/2021,26653
6/25/2021,27141
6/26/2021,23449
6/27/2021,26951
6/28/2021,27181
6/29/2021,26601
6/30/2021,27741
7/1/2021,28172
7/2/2021,28221
7/3/2021,22983
7/4/2021,26945
7/5/2021,28885
7/6/2021,27383
7/7/2021,26321
7/8/2021,27640
7/9/2021,26774
7/10/2021,22736
7/11/2021,25733
7/12/2021,26726
7/13/2021,26190
7/14/2021,26585
7/15/2021,27477
7/16/2021,28599
7/17/2021,24266
7/18/2021,26809
7/19/2021,20420
7/20/2021,24464
7/21/2021,26022
7/22/2021,28357
7/23/2021,30089
7/24/2021,24953
7/25/2021,24368
7/26/2021,28878
7/27/2021,27055
7/28/2021,28909
7/29/2021,28215
7/30/2021,28811
7/31/2021,24140
8/1/2021,27423
8/2/2021,28082
8/3/2021,28195
8/4/2021,28686
8/5/2021,28442
8/6/2021,27695
8/7/2021,22047
8/8/2021,26252
8/9/2021,27008
8/10/2021,27023
8/11/2021,26796
8/12/2021,27220
8/13/2021,28245
8/14/2021,21984
8/15/2021,26336
8/16/2021,26589
8/17/2021,26569
8/18/2021,27131
8/19/2021,29037
8/20/2021,27268
8/21/2021,19470
8/22/2021,26812
8/23/2021,28343
8/24/2021,27363
8/25/2021,29311
8/26/2021,28941
8/27/2021,30036
8/28/2021,25986
8/29/2021,27191
8/30/2021,28521
8/31/2021,28206
9/1/2021,29114
9/2/2021,29759
9/3/2021,31441
9/4/2021,26359
9/5/2021,28243
9/6/2021,29610
9/7/2021,30406
9/8/2021,30854
9/9/2021,28927
9/10/2021,10913
9/11/2021,17597
9/12/2021,24839
9/13/2021,27299
9/14/2021,27260
9/15/2021,29123
9/16/2021,28774
9/17/2021,31222
9/18/2021,27595
9/19/2021,28274
9/20/2021,28983
9/21/2021,28828
9/22/2021,29521
9/23/2021,31031
9/24/2021,31239
9/25/2021,20393
9/26/2021,14243
9/27/2021,26006
9/28/2021,28202
9/29/2021,29080
9/30/2021,26369
10/1/2021,17358
10/2/2021,17428
10/3/2021,21890
10/4/2021,28844
10/5/2021,28778
10/6/2021,29431
10/7/2021,29841
10/8/2021,30091
10/9/2021,26877
10/10/2021,27485
10/11/2021,28901
10/12/2021,28764
10/13/2021,30347
10/14/2021,29545
10/15/2021,30335
10/16/2021,25159
10/17/2021,25386
10/18/2021,27803
10/19/2021,28438
10/20/2021,28621
10/21/2021,28441
10/22/2021,29019
10/23/2021,25033
10/24/2021,27472
10/25/2021,28389
10/26/2021,28252
10/27/2021,28633
10/28/2021,28372
10/29/2021,29247
10/30/2021,24596
10/31/2021,26724
11/1/2021,27052
11/2/2021,26528
11/3/2021,27010
11/4/2021,25764
11/5/2021,24747
11/6/2021,20047
11/7/2021,24902
11/8/2021,25489
11/9/2021,25094
11/10/2021,26483
11/11/2021,26355
11/12/2021,25391
11/13/2021,19991
11/14/2021,24837
11/15/2021,25169
11/16/2021,25224
11/17/2021,25866
11/18/2021,26479
11/19/2021,27463
11/20/2021,20223
11/21/2021,25103
11/22/2021,25371
11/23/2021,25234
11/24/2021,25127
11/25/2021,25834
11/26/2021,25462
11/27/2021,19483
11/28/2021,24963
11/29/2021,24818
11/30/2021,25803
12/1/2021,25803
12/2/2021,25747
12/3/2021,26687
12/4/2021,26542
12/5/2021,21525
12/6/2021,25085
12/7/2021,26719
12/8/2021,26233
12/9/2021,26332
12/10/2021,26597
12/11/2021,26232
12/12/2021,21682
12/13/2021,25740
12/14/2021,26745
12/15/2021,26336
12/16/2021,26808
12/17/2021,27953
12/18/2021,27671
12/19/2021,22457
12/20/2021,25632
12/21/2021,26089
12/22/2021,26656
12/23/2021,26971
12/24/2021,28121
12/25/2021,28200
12/26/2021,22612
12/27/2021,26076
12/28/2021,23582
12/29/2021,28249
12/30/2021,27020
12/31/2021,27707
